Public Food Key,Classification,Food Name,"Energy with dietary fibre, equated 
(kJ)","Energy, without dietary fibre, equated 
(kJ)","Moisture (water) 
(g)","Protein 
(g)","Fat, total 
(g)","Total dietary fibre 
(g)","Alcohol 
(g)",Total sugars (g),Added sugars (g),"Available carbohydrate, with sugar alcohols 
(g)","Aluminium (Al) 
(ug)","Antimony (Sb) 
(ug)","Arsenic (As) 
(ug)","Cadmium (Cd) 
(ug)","Calcium (Ca) 
(mg)","Chromium (Cr) 
(ug)","Chloride (Cl) 
(mg)","Cobalt (Co) 
(ug)","Copper (Cu) 
(mg)","Fluoride (F) 
(ug)","Iodine (I) 
(ug)","Iron (Fe) 
(mg)","Lead (Pb) 
(ug)","Magnesium (Mg) 
(mg)","Manganese (Mn) 
(mg)","Mercury (Hg) 
(ug)","Molybdenum (Mo) 
(ug)","Nickel (Ni) 
(ug)","Phosphorus (P) 
(mg)","Potassium (K) 
(mg)","Selenium (Se) 
(ug)","Sodium (Na) 
(mg)","Sulphur (S) 
(mg)","Tin (Sn) 
(ug)","Zinc (Zn) 
(mg)","Vitamin A retinol equivalents 
(ug)","Thiamin (B1) 
(mg)","Riboflavin (B2) 
(mg)","Niacin derived equivalents 
(mg)","Pantothenic acid (B5) 
(mg)","Pyridoxine (B6) 
(mg)","Biotin (B7) 
(ug)","Cobalamin (B12) 
(ug)","Dietary folate equivalents 
(ug)","Vitamin C 
(mg)","Vitamin D3 equivalents 
(ug)","Alpha tocopherol 
(mg)","Alpha tocotrienol 
(mg)","Beta tocopherol 
(mg)","Beta tocotrienol 
(mg)","Delta tocopherol 
(mg)","Delta tocotrienol 
(mg)","Gamma tocopherol 
(mg)","Gamma tocotrienol 
(mg)","Vitamin E 
(mg)","Total saturated fatty acids, equated (%T)","Total polyunsaturated fatty acids, equated (%T)","Total long chain omega 3 fatty acids, equated 
(%T)","Total undifferentiated fatty acids 
(%T)","Total trans fatty acids, imputed 
(%T)","Total saturated fatty acids, equated 
(g)","Total monounsaturated fatty acids, equated 
(g)","Total polyunsaturated fatty acids, equated 
(g)","Total long chain omega 3 fatty acids, equated 
(mg)","Total undifferentiated fatty acids, mass basis basis 
(mg)","Total trans fatty acids, imputed 
(mg)","Caffeine 
(mg)","Cholesterol 
(mg)"
F009117,11101,"Tea, green, plain, without milk",7,7,95.7,0.2,0.1,0.0,0.0,0.0,0.0,0.0,780.0,,0.0,0.0,3,0.0,,,0.017,,0.0,0.00,1.8,2,0.440,,0.0,,1,19,0.0,1,,,0.05,0,0.007,0.058,0.03,,0.00,,0.0,0,0,0.00,0.0,,,,,,,,0.00,0.00,0.00,0.000,,0.0,0.00,0.00,0.00,0.000,,0.00,13,0
F009125,11101,"Tea, regular, black, brewed from leaf or teabags, without milk",1,1,99.8,0.1,0.0,0.0,0.0,0.0,0.0,0.0,480.0,0.0,0.0,0.0,1,0.3,0,,0.006,150.00,0.0,0.00,0.2,1,0.290,0.0,0.0,,2,17,0.0,0,0,0.0,0.01,0,0.000,0.000,0.00,0.00,0.00,0.0,0.0,4,0,0.00,0.0,,,,,,,,0.00,0.00,0.00,0.000,,0.0,0.00,0.00,0.00,0.000,,0.00,19,0
F009115,11103,"Tea, decaffeinated, black, brewed from leaf or teabags, without milk",6,6,99.8,0.1,0.1,0.0,0.0,0.0,0.0,0.0,,0.0,0.0,0.0,0,0.3,0,,0.002,150.00,0.0,0.00,0.3,0,0.100,0.0,,,0,6,0.0,0,0,0.0,0.00,0,0.000,0.005,0.00,0.00,0.00,0.0,0.0,11,0,0.00,0.0,,,,,,,,0.00,0.00,0.00,0.000,,0.0,0.00,0.00,0.00,0.000,,0.00,0,0
F003017,11201,"Coffee, black, from instant coffee powder",5,4,99.2,0.2,0.0,0.2,0.0,0.0,0.0,0.0,10.6,,0.2,0.0,3,0.1,12,,0.035,80.69,0.8,0.03,0.6,4,0.324,0.0,0.0,,3,31,0.0,3,5,,0.01,0,0.000,0.000,0.25,,0.00,,0.0,0,0,0.00,0.0,,,,,,,,0.00,,,,,,0.00,0.00,0.00,0.000,,0.03,31,0
F003041,11201,"Coffee, espresso, from ground coffee beans",40,40,92.3,1.7,0.3,0.0,0.0,0.0,0.0,0.0,0.0,,0.0,0.0,11,0.0,,,0.042,,0.0,0.00,1.3,37,0.250,,0.0,,29,520,0.0,2,,,0.06,0,0.000,0.000,5.30,0.00,0.00,,0.0,0,0,0.00,0.0,,0.0,,0.0,,0.0,,0.00,47.90,38.60,0.000,,1.6,0.11,0.03,0.09,0.000,,3.84,290,0
F003065,11201,"Coffee, long black, from ground coffee beans",8,8,98.5,0.3,0.1,0.0,0.0,0.0,0.0,0.0,7.3,,0.1,0.0,3,0.0,,,0.036,,0.6,0.00,0.8,8,0.296,,0.0,,6,104,0.0,3,,,0.02,0,0.000,0.000,1.06,,0.00,,0.0,0,0,0.00,0.0,,0.0,,0.0,,0.0,,0.00,,,,,,0.02,0.00,0.02,0.000,,0.77,58,0
F009796,11202,"Coffee, flat white/latte/cappuccino, from ground coffee beans, with regular fat cows milk",195,195,89.5,2.8,2.5,0.0,0.0,3.4,0.0,3.4,0.0,,0.0,,95,,,,0.010,,21.0,0.00,0.0,16,0.065,,2.8,,86,220,2.0,29,,,0.37,24,0.000,0.110,0.54,0.23,0.00,,0.3,0,0,0.06,0.0,,0.0,,0.0,,0.0,,0.00,72.60,3.90,0.000,,1.8,1.72,0.49,0.09,0.000,,42.52,68,9
F003018,11203,"Coffee, black, from instant coffee powder, decaffeinated",5,3,99.2,0.2,0.0,0.2,0.0,0.0,0.0,0.0,10.6,,0.2,0.0,3,0.1,12,,0.035,80.69,0.8,0.03,0.6,4,0.324,0.0,0.0,,3,31,0.0,3,5,,0.01,0,0.000,0.000,0.25,,0.00,,0.0,0,0,0.00,0.0,,,,,,,,0.00,,,,,,0.00,0.00,0.00,0.000,,0.03,1,0
F003060,11205,"Coffee, instant, dry powder or granules",588,423,5.0,18.0,0.3,20.6,0.0,3.4,0.0,3.6,180.0,,1.1,0.0,150,6.5,740,,0.023,130.00,4.6,2.80,0.0,320,2.200,0.0,2.6,,360,"3,500",4.1,61,230,0.0,0.29,0,0.000,0.060,28.75,0.07,0.00,100.0,0.0,0,0,0.00,0.1,,,,,,,,0.09,47.90,38.60,0.000,,1.6,0.11,0.03,0.09,0.000,,3.84,"3,488",0
F003061,11205,"Coffee, instant, dry powder or granules, decaffeinated",522,357,5.0,18.0,0.3,20.6,0.0,2.3,0.0,2.5,180.0,,1.1,0.0,150,6.5,740,,0.023,130.00,4.6,2.80,0.0,320,2.200,0.0,2.6,,360,"3,500",4.1,61,230,0.0,0.29,0,0.000,0.060,28.75,0.07,0.00,100.0,0.0,0,0,0.00,0.1,,,,,,,,0.09,47.90,38.60,0.000,,1.6,0.11,0.03,0.09,0.000,,3.84,160,0
F004663,11301,"Juice, apple, commercial, added vitamin C",121,120,89.0,0.2,0.0,0.2,0.0,7.0,0.0,7.0,,,,,6,0.5,,,0.016,,4.0,0.05,,6,0.001,,0.5,,7,120,0.5,6,,,0.02,0,0.000,0.070,0.25,0.00,0.00,,0.0,32,33,0.00,0.0,,0.0,,,,,,0.00,0.00,0.00,0.000,,0.0,0.00,0.00,0.00,0.000,,0.00,0,0
F004656,11301,"Juice, apple & blackcurrant, commercial",162,162,89.2,0.2,0.0,0.0,0.0,9.3,0.0,9.3,0.0,,,0.0,5,0.0,,,0.005,,0.0,0.00,,4,0.027,,0.0,,5,94,0.0,6,3,,0.01,0,0.000,0.000,0.00,0.00,0.00,,0.0,0,27,0.00,0.0,,0.0,,0.0,,0.0,,0.00,0.00,0.00,0.000,,0.0,0.00,0.00,0.00,0.000,,0.00,0,0
F004726,11301,"Juice, lemon",115,95,89.0,0.6,0.2,2.5,0.0,1.8,0.0,1.8,,,,,20,,,,,,0.0,0.30,,9,,,,,16,120,0.4,2,,,0.10,2,0.038,0.019,0.24,,0.08,,0.0,8,46,0.00,0.1,,,,,,,,0.14,,,,,,0.00,0.00,0.00,0.000,,0.00,0,0
F004729,11301,"Juice, lime",122,89,87.6,0.8,0.2,4.1,0.0,1.2,0.0,1.2,,,,,22,,,,,,0.0,0.30,,11,,,,,18,150,0.4,3,,,0.10,5,0.028,0.019,0.26,,0.04,,0.0,6,45,0.00,0.2,,,,,,,,0.21,,,,,,0.00,0.00,0.00,0.000,,0.00,0,0
F004739,11301,"Juice, orange, commercial",112,109,89.1,0.8,0.0,0.3,0.0,5.4,0.0,5.4,,0.0,0.0,0.0,7,0.4,8,,0.026,28.00,0.0,0.04,0.0,7,0.011,0.0,0.0,1,14,145,0.2,2,6,0.0,0.03,2,0.110,0.000,0.03,0.30,0.00,0.9,0.0,51,69,0.00,0.1,,0.0,,,,,,0.10,0.00,0.00,0.000,,0.0,0.00,0.00,0.00,0.000,,0.00,0,0
F004731,11301,"Juice, orange & mango, commercial",146,144,90.3,0.6,0.0,0.2,0.0,7.7,0.0,7.7,0.0,,,0.0,9,0.0,9,,0.030,51.00,0.0,0.00,,9,0.030,,0.0,,16,160,0.0,4,5,,0.04,8,0.040,0.000,0.03,0.05,0.00,1.1,0.0,26,82,0.00,0.0,,0.0,,0.0,,0.0,,0.00,0.00,0.00,0.000,,0.0,0.00,0.00,0.00,0.000,,0.00,0,0
F004099,11307,"Fruit drink, apple juice",137,136,91.1,0.1,0.0,0.0,0.0,7.8,6.0,8.2,0.0,,0.0,,2,,11,,0.002,70.00,3.0,0.00,0.0,2,0.007,,0.0,,2,47,0.0,5,2,,0.00,0,0.000,0.000,0.00,0.00,0.00,,0.0,0,31,0.00,0.0,,0.0,,0.0,,0.0,,0.00,0.00,0.00,0.000,,0.0,0.00,0.00,0.00,0.000,,0.00,0,0
F004102,11307,"Fruit drink, cranberry",182,181,87.1,0.0,0.0,0.1,0.0,11.3,8.4,11.3,,,,,8,,,,,,4.0,0.25,,6,,,,,13,20,0.1,16,,,0.10,4,0.009,0.018,0.09,,0.05,,0.0,1,16,0.00,1.2,,,,,,,,1.20,0.00,0.00,0.000,,0.0,0.00,0.00,0.00,0.000,,0.00,0,0
F003158,11401,"Cordial, 25% citrus fruit juice, regular, recommended dilution",142,142,90.8,0.0,0.0,0.0,0.0,8.7,8.4,8.7,,,,,2,,6,,0.027,74.82,0.8,0.00,,1,0.235,,,,1,4,0.0,5,3,,0.00,0,0.000,0.000,0.40,,0.00,,0.0,2,1,0.00,0.0,,0.0,,,,,,0.00,,,,,,0.00,0.00,0.00,0.000,,0.00,0,0
F003160,11401,"Cordial, 40% citrus fruit juice, regular, recommended dilution",154,154,90.2,0.0,0.0,0.0,0.0,9.4,8.9,9.4,,,,,2,,7,,0.027,72.01,0.8,0.03,,1,0.235,,,,1,8,0.0,12,4,,0.00,0,0.000,0.000,0.40,,0.00,,0.0,2,2,0.00,0.0,,0.0,,,,,,0.00,,,,,,0.00,0.00,0.00,0.000,,0.00,0,0
F003156,11401,"Cordial, blackcurrant juice, regular, recommended dilution",151,151,90.5,0.0,0.0,0.0,0.0,9.3,8.9,9.3,,,,,2,,6,,0.030,71.72,0.8,0.07,,1,0.246,,,,1,11,0.0,2,4,,0.02,0,0.000,0.000,0.03,,0.01,,0.0,0,15,0.00,0.0,,0.0,,0.0,,0.0,,0.00,,,,,,0.00,0.00,0.00,0.000,,0.00,0,0
F003130,11403,"Cordial base, 25% citrus fruit juice, regular",606,606,60.6,0.0,0.0,0.0,0.0,37.3,36.0,37.3,,,,,3,,7,,0.000,57.00,1.0,0.00,,1,0.000,,,,3,15,0.0,12,4,,0.00,1,0.000,0.000,1.70,,0.02,,0.0,10,4,0.00,0.0,,0.0,,,,,,0.00,0.00,0.00,0.000,,0.0,0.00,0.00,0.00,0.000,,0.00,0,0
F003135,11403,"Cordial base, 40% citrus fruit juice, regular",659,659,57.9,0.2,0.0,0.0,0.0,40.2,38.2,40.2,,,,,4,,10,,0.000,45.00,1.0,0.10,,2,0.000,,,,5,32,0.0,43,7,,0.00,2,0.000,0.000,1.70,0.04,0.02,0.4,0.0,10,8,0.00,0.0,,0.0,,,,,,0.00,0.00,0.00,0.000,,0.0,0.00,0.00,0.00,0.000,,0.00,0,0
F003128,11403,"Cordial base, blackcurrant juice, regular",731,731,54.0,0.1,0.0,0.0,0.0,45.0,42.9,45.0,,,,,6,,6,,0.010,39.00,1.0,0.33,,3,0.010,,,,5,54,0.0,0,10,,0.06,0,0.000,0.000,0.16,0.06,0.04,1.4,0.0,1,74,0.00,0.0,,0.0,,0.0,,0.0,,0.00,0.00,0.00,0.000,,0.0,0.00,0.00,0.00,0.000,,0.00,0,0
F008438,11501,"Soft drink, fruit flavours",142,142,91.0,0.0,0.0,0.0,0.0,8.8,8.3,8.8,,,,,2,0.0,,,,,1.7,0.00,,0,,,0.0,0,0,1,0.0,14,,,0.00,0,0.000,0.000,0.00,,0.00,,0.0,0,0,0.00,0.0,,,,,,,,0.00,0.00,0.00,0.000,,0.0,0.00,0.00,0.00,0.000,,0.00,0,0
F008460,11501,"Soft drink, tonic water",142,142,91.1,0.0,0.0,0.0,0.0,8.8,8.8,8.8,,,,,1,,,,,,0.7,0.01,,0,,,,,0,0,0.0,12,,,0.10,0,0.000,0.000,0.00,,0.00,,0.0,0,0,0.00,0.0,,0.0,,0.0,,0.0,,0.00,0.00,0.00,0.000,,0.0,0.00,0.00,0.00,0.000,,0.00,0,0
F008461,11502,"Soft drink, tonic water, intense sweetened or diet",1,1,99.9,0.0,0.0,0.0,0.0,0.0,0.0,0.0,,,,,1,,,,,,0.7,0.01,,0,,,,,0,0,0.0,12,,,0.10,0,0.000,0.000,0.00,,0.00,,0.0,0,0,0.00,0.0,,0.0,,0.0,,0.0,,0.00,0.00,0.00,0.000,,0.0,0.00,0.00,0.00,0.000,,0.00,0,0
F008402,11503,"Soft drink, cola flavour",206,206,89.4,0.0,0.2,0.0,0.0,12.3,12.3,12.3,0.0,,0.0,0.0,1,0.0,13,,0.000,58.00,0.8,0.00,0.0,0,0.000,,0.0,0,10,0,0.0,2,8,,0.00,0,0.000,0.000,0.00,,0.00,,0.0,0,0,0.00,0.0,,0.0,,0.0,,0.0,,0.00,0.00,0.00,0.000,,0.0,0.00,0.00,0.00,0.000,,0.00,10,0
F008403,11503,"Soft drink, cola flavour, decaffeinated",206,206,89.4,0.0,0.2,0.0,0.0,12.3,12.3,12.3,0.0,,0.0,0.0,1,0.0,13,,0.000,58.00,0.8,0.00,0.0,0,0.000,,0.0,0,10,0,0.0,2,8,,0.00,0,0.000,0.000,0.00,,0.00,,0.0,0,0,0.00,0.0,,0.0,,0.0,,0.0,,0.00,0.00,0.00,0.000,,0.0,0.00,0.00,0.00,0.000,,0.00,0,0
F008404,11504,"Soft drink, cola flavour, intense sweetened or diet",0,0,99.9,0.0,0.0,0.0,0.0,0.0,0.0,0.0,0.0,,0.0,0.0,1,0.0,,,0.000,,0.8,0.00,0.0,0,0.000,,0.0,0,10,0,0.0,3,,,0.00,0,0.010,0.020,0.00,,0.00,,0.0,0,0,0.00,0.0,,0.0,,0.0,,0.0,,0.00,0.00,0.00,0.000,,0.0,0.00,0.00,0.00,0.000,,0.00,11,0
F008405,11504,"Soft drink, cola flavour, intense sweetened or diet, decaffeinated",0,0,99.9,0.0,0.0,0.0,0.0,0.0,0.0,0.0,0.0,,0.0,0.0,1,0.0,,,0.000,,0.8,0.00,0.0,0,0.000,,0.0,0,10,0,0.0,3,,,0.00,0,0.010,0.020,0.00,,0.00,,0.0,0,0,0.00,0.0,,0.0,,0.0,,0.0,,0.00,0.00,0.00,0.000,,0.0,0.00,0.00,0.00,0.000,,0.00,0,0
F005694,11505,"Mineral water, citrus flavoured",152,152,90.3,0.0,0.0,0.0,0.0,9.3,9.1,9.3,,,,,5,,19,,0.000,30.00,0.0,0.06,,4,0.000,,,,1,5,0.0,15,2,,0.00,0,0.000,0.000,0.00,,0.00,,0.0,1,0,0.00,0.0,,0.0,,0.0,,0.0,,0.00,0.00,0.00,0.000,,0.0,0.00,0.00,0.00,0.000,,0.00,0,0
F008421,11603,"Soft drink, energy drink, Red Bull",182,182,88.3,0.1,0.0,0.0,0.0,10.8,10.8,10.8,20.0,,0.0,0.0,9,0.0,,,0.000,,0.0,0.00,0.0,0,0.000,0.0,0.0,,10,0,0.0,71,,,0.00,0,0.000,0.063,8.08,1.91,2.27,,2.0,0,0,0.00,0.0,,0.0,,0.0,,0.0,,0.00,0.00,0.00,0.000,,0.0,0.00,0.00,0.00,0.000,,0.00,32,0
F008424,11603,"Soft drink, energy drink, V",182,182,88.3,0.1,0.0,0.0,0.0,10.8,10.8,10.8,20.0,,0.0,0.0,9,0.0,,,0.000,,0.0,0.00,0.0,0,0.000,0.0,0.0,,10,0,0.0,110,,,0.00,0,0.000,0.820,7.60,3.20,2.50,,0.6,0,0,0.00,0.0,,0.0,,0.0,,0.0,,0.00,0.00,0.00,0.000,,0.0,0.00,0.00,0.00,0.000,,0.00,31,0
F009527,11701,"Water, tap",0,0,100.0,0.0,0.0,0.0,0.0,0.0,0.0,0.0,9.1,,0.2,0.0,2,0.0,6,0,0.035,80.25,0.7,0.00,0.6,1,0.307,0.0,0.0,0,0,0,0.0,3,3,,0.00,0,0.000,0.000,0.00,,0.00,,0.0,0,0,0.00,0.0,,0.0,,0.0,,0.0,,0.00,0.00,0.00,0.000,,0.0,0.00,0.00,0.00,0.000,,0.00,0,0
F005696,11702,"Mineral water, natural, unflavoured",0,0,100.0,0.0,0.0,0.0,0.0,0.0,0.0,0.0,,,,,6,,11,,0.000,24.00,0.2,0.00,,4,0.000,,,,0,1,0.0,8,1,,0.00,0,0.000,0.000,0.00,,0.00,,0.0,0,0,0.00,0.0,,0.0,,0.0,,0.0,,0.00,0.00,0.00,0.000,,0.0,0.00,0.00,0.00,0.000,,0.00,0,0
F009516,11702,"Water, bottled, still",0,0,100.0,0.0,0.0,0.0,0.0,0.0,0.0,0.0,,,,,1,,2,,,,0.2,0.00,,5,0.000,,,,0,0,0.0,1,,,0.00,0,0.000,0.000,0.00,,0.00,,0.0,0,0,0.00,0.0,,,,,,,,0.00,0.00,0.00,0.000,,0.0,0.00,0.00,0.00,0.000,,0.00,0,0
F008377,11702,"Water, soda",0,0,100.0,0.0,0.0,0.0,0.0,0.0,0.0,0.0,9.1,,0.2,0.0,2,0.0,6,0,0.035,80.25,0.7,0.00,0.6,1,0.307,0.0,0.0,0,0,0,0.0,3,3,,0.00,0,0.000,0.000,0.00,,0.00,,0.0,0,0,0.00,0.0,,0.0,,0.0,,0.0,,0.00,0.00,0.00,0.000,,0.0,0.00,0.00,0.00,0.000,,0.00,0,0
F001068,11801,"Beverage, chocolate flavour, from Milo powder, with regular fat cows milk",395,389,80.3,4.1,4.0,0.8,0.0,9.1,1.4,10.3,109.3,,0.4,0.6,162,6.2,,,0.044,,22.5,1.62,0.0,16,0.079,0.0,4.9,,117,203,1.7,39,,,0.46,91,0.040,0.323,2.10,0.45,0.20,,0.4,9,4,1.30,0.1,,0.0,,0.0,,0.0,,0.10,,,,,,2.69,0.93,0.10,0.949,,134.91,1,10
F001064,11803,"Beverage, chocolate flavour, from drinking chocolate, with regular fat cows milk",356,355,82.1,3.5,3.5,0.1,0.0,10.1,5.1,10.2,,,,,101,,99,,0.074,,20.6,0.15,,20,0.133,,,,94,180,1.3,44,30,,0.48,41,0.022,0.174,0.88,0.33,0.02,4.3,0.3,4,0,0.08,0.2,,,,,,,,0.21,,,,,,2.35,0.81,0.08,0.970,,109.10,2,9
F001688,11805,"Breakfast cereal, beverage, non-chocolate flavours, added vitamins A, B1, B2, B3, B6, B12, C & folate & Ca",321,314,81.9,3.1,1.5,0.8,0.0,7.0,2.0,12.4,90.1,,0.6,0.5,148,3.0,,,0.039,,6.4,0.38,0.5,8,0.051,0.5,5.6,,131,152,1.0,49,,,0.21,60,0.104,0.256,1.82,2.80,0.14,,0.6,110,0,0.00,2.2,,0.0,,0.0,,0.3,,2.23,13.70,62.10,0.000,,0.4,0.20,0.35,0.89,0.000,,5.74,0,0
F006156,14401,"Oil, blend of polyunsaturated vegetable oils","3,700","3,700",0.0,0.0,100.0,0.0,0.0,0.0,0.0,0.0,,0.0,0.9,0.0,0,,4,,0.006,0.00,0.0,0.01,0.0,0,0.000,0.0,,,0,0,0.0,0,0,0.0,0.01,0,0.000,0.000,0.00,0.00,0.00,0.0,0.0,0,0,0.00,14.0,,,,28.0,,52.0,,19.20,14.80,54.95,0.000,,3.1,14.15,27.10,52.53,0.000,,"2,963.60",0,0
F006166,14401,"Oil, cottonseed","3,700","3,700",0.0,0.0,100.0,0.0,0.0,0.0,0.0,0.0,,,,,0,,,,,,0.0,0.00,,0,,,,,0,0,0.0,0,,,0.00,0,0.000,0.000,0.00,,0.00,,0.0,0,0,0.00,35.3,,,,,,,,35.30,27.09,54.18,0.000,,1.4,25.90,17.80,51.80,0.000,,"1,338.40",0,0
F006167,14401,"Oil, grapeseed","3,700","3,700",0.0,0.0,100.0,0.0,0.0,0.0,0.0,0.0,,,,,0,,,,,,0.0,0.00,,0,,,,,0,0,0.0,0,,,0.01,0,0.000,0.000,0.00,,0.00,,0.0,0,0,0.00,2.3,,,,,,,,2.30,11.90,67.00,0.000,,2.2,11.38,19.98,64.05,0.000,,"2,151.00",0,0
F006168,14401,"Oil, linseed or flaxseed","3,699","3,699",0.1,0.0,100.0,0.0,0.0,0.0,0.0,0.0,,,,,1,,,,,,0.0,0.00,,0,,,,,1,0,0.0,0,,,0.07,0,0.000,0.000,0.00,,0.00,,0.0,0,0,0.00,0.5,,0.6,,1.6,,28.8,,3.62,9.42,72.06,0.000,,0.1,9.00,18.50,68.88,0.000,,94.62,0,0
F006188,14401,"Oil, soybean","3,700","3,700",0.0,0.0,100.0,0.0,0.0,0.0,0.0,0.0,,,,,0,,5,,0.000,0.00,0.0,0.00,,0,0.000,,,,0,0,0.0,0,0,,0.00,0,0.000,0.000,0.00,0.00,0.00,0.0,0.0,0,0,0.00,9.0,,,,29.0,,53.0,,14.30,14.95,60.85,0.000,,2.2,14.29,22.27,58.17,0.000,,"2,151.00",0,0
F006189,14401,"Oil, sunflower","3,700","3,700",0.0,0.0,100.0,0.0,0.0,0.0,0.0,0.0,,,,,0,,0,,0.000,0.01,0.0,0.00,,0,0.000,,,,0,0,0.0,0,3,,0.01,0,0.000,0.000,0.00,0.00,0.00,0.0,0.0,0,0,0.00,56.0,,,,4.4,,1.0,,56.10,10.63,59.18,0.000,,2.2,10.16,27.83,56.58,0.000,,"2,151.00",0,0
F006191,14401,"Oil, vegetable","3,700","3,700",0.0,0.0,100.0,0.0,0.0,0.0,0.0,0.0,,,,,0,,,,,,0.0,0.01,,0,,,,,0,0,0.0,0,,,0.01,0,0.000,0.000,0.00,,0.00,,0.0,0,0,0.00,14.0,,,,,,,,16.60,,,,,,10.52,42.49,41.01,0.000,,"2,151.00",0,0
F006155,14402,"Oil, blend of monounsaturated vegetable oils","3,700","3,700",0.0,0.0,100.0,0.0,0.0,0.0,0.0,0.0,,,,,0,,,,,,0.0,0.01,,0,,,,,0,0,0.0,0,,,0.01,0,0.000,0.000,0.00,,0.00,,0.0,0,0,0.00,14.0,,,,,,,,14.00,7.20,30.85,0.000,,1.4,6.88,57.88,29.49,0.000,,"1,338.40",0,0
F006159,14402,"Oil, canola","3,700","3,700",0.0,0.0,100.0,0.0,0.0,0.0,0.0,0.0,68.0,,0.0,0.0,1,7.5,4,,0.000,9.00,0.0,0.00,0.0,0,0.000,0.0,0.0,5,0,0,0.0,0,2,,0.04,0,0.000,0.000,0.00,0.00,0.00,0.0,0.0,0,0,0.00,17.6,,10.2,,0.4,,34.8,,26.22,7.63,29.81,0.000,,0.0,7.30,59.36,28.49,0.000,,28.68,0,0
F006172,14402,"Oil, mustard seed","3,700","3,700",0.0,0.0,100.0,0.0,0.0,0.0,0.0,0.0,,,,,0,,,,,,0.0,0.00,,0,,,,,0,0,0.0,0,,,0.00,0,0.000,0.000,0.00,,0.00,,0.0,0,0,0.00,14.0,,,,,,,,14.00,12.59,23.08,0.000,,1.4,12.04,61.50,22.06,0.000,,"1,338.40",0,0
F006169,14402,"Oil, macadamia","3,700","3,700",0.0,0.0,100.0,0.0,0.0,0.0,0.0,0.0,,,,,0,,,,,,0.0,0.00,,0,,,,,0,0,0.0,0,,,0.00,0,0.000,0.000,0.00,,0.00,,0.0,0,0,0.00,14.0,,,,,,,,14.00,14.20,1.30,0.000,,2.2,13.58,80.59,1.24,0.000,,"2,151.00",0,0
F006177,14402,"Oil, olive","3,695","3,695",0.0,0.0,99.9,0.0,0.0,0.0,0.0,0.0,62.5,,0.0,0.0,0,9.0,0,,0.000,5.00,0.0,0.00,0.0,0,0.000,0.0,0.0,,1,0,0.0,0,2,,0.01,2,0.000,0.000,0.00,0.00,0.00,0.0,0.0,0,0,0.00,17.0,,9.2,,0.0,,0.7,,21.70,16.26,9.55,0.000,,0.0,15.52,70.21,9.12,0.000,,0.00,0,0
F006181,14402,"Oil, palm","3,700","3,700",0.0,0.0,100.0,0.0,0.0,0.0,0.0,0.0,,,,,0,,,,,,0.0,0.01,,0,,,,,0,0,0.0,0,,,0.00,0,0.000,0.000,0.00,,0.00,,0.0,0,0,0.00,15.9,,,,,,,,15.94,51.57,9.73,0.000,,1.5,49.30,37.00,9.30,0.000,,"1,434.00",0,0
F006183,14402,"Oil, peanut","3,700","3,700",0.0,0.0,100.0,0.0,0.0,0.0,0.0,0.0,,,,,0,,0,,0.100,0.10,0.0,0.10,,1,0.010,,,,3,0,0.0,0,3,,0.10,0,0.000,0.000,0.00,0.00,0.00,0.0,0.0,0,0,0.00,12.9,,,,0.6,,9.0,,13.80,18.16,28.64,0.000,,2.2,17.36,50.28,27.38,0.000,,"2,151.00",0,0
F006185,14402,"Oil, rice bran","3,700","3,700",0.0,0.0,100.0,0.0,0.0,0.0,0.0,0.0,,,,,0,,,,,,0.0,0.01,,0,,,,,0,0,0.3,0,,,0.01,0,0.000,0.000,0.00,,0.00,,0.0,0,0,0.00,32.3,,,,,,,,32.30,24.00,34.30,0.000,,0.4,22.94,39.67,32.79,0.000,,382.40,0,0
F006165,14502,"Oil, copha","3,700","3,700",0.0,0.2,99.9,0.0,0.0,0.0,0.0,0.0,,,,,0,,0,,0.000,0.02,0.0,0.00,,0,0.000,,,,0,1,0.0,1,0,,0.00,0,0.000,0.000,0.26,0.00,0.00,0.0,0.0,0,0,0.00,0.0,,,,,,,,0.00,98.20,0.30,0.000,,0.0,92.41,1.41,0.28,0.000,,28.23,0,0
F006595,16104,"Pear, canned in pear juice, juice only",185,183,88.2,0.2,0.0,0.2,0.0,8.8,0.0,11.0,,,,,6,,,,,,0.0,0.30,,5,,,,,12,95,0.0,6,,,0.20,3,0.000,0.010,0.03,,0.00,,0.0,44,1,0.00,0.2,,,,,,,,0.19,0.00,0.00,0.000,,0.0,0.00,0.00,0.00,0.000,,0.00,0,0
F007616,16202,"Raspberry, canned in syrup, syrup only",296,296,81.2,0.2,0.0,0.0,0.0,17.5,17.5,17.5,,,,,5,,,,0.000,,0.0,0.70,,7,0.140,,,,5,78,0.0,4,,,0.10,0,0.000,0.000,0.00,,0.00,,0.0,0,5,0.00,0.0,,,,,,,,0.00,0.00,0.00,0.000,,0.0,0.00,0.00,0.00,0.000,,0.00,0,0
F008947,16202,"Strawberry, canned in syrup, syrup only",321,321,78.7,0.1,0.2,0.0,0.0,18.8,18.8,19.0,,,,,11,,,,0.000,,0.0,0.80,,6,0.150,,,,8,95,0.0,7,,,0.00,0,0.000,0.000,0.00,,0.00,,0.0,0,13,0.00,0.0,,,,,,,,0.00,0.00,0.00,0.000,,0.0,0.00,0.00,0.00,0.000,,0.00,0,0
F005292,16304,"Mandarin, canned in syrup, syrup only",223,223,84.6,0.2,0.0,0.0,0.0,13.2,13.2,13.2,,,,,5,,,,0.000,,0.0,0.30,,5,0.000,,,,6,72,0.0,4,,,0.10,0,0.000,0.000,0.00,,0.00,,0.0,0,12,0.00,0.0,,,,,,,,0.00,0.00,0.00,0.000,,0.0,0.00,0.00,0.00,0.000,,0.00,0,0
F006555,16402,"Peach, canned in pear juice, juice only",174,172,88.4,0.4,0.0,0.3,0.0,8.5,0.0,9.6,,,,,4,3.1,,,,,0.8,0.40,,7,,,0.0,9,10,170,0.0,10,,,0.20,0,0.000,0.020,0.30,,0.03,,0.0,44,12,0.00,0.0,,,,,,,,0.04,0.00,0.00,0.000,,0.0,0.00,0.00,0.00,0.000,,0.00,0,0
F000124,16404,"Apricot, canned in pear juice, juice only",187,187,86.9,0.5,0.0,0.0,0.0,8.7,0.0,10.5,,,,,7,,,,,,0.0,0.40,,9,,,,,12,260,0.0,5,,,0.20,0,0.020,0.020,0.60,,0.00,,0.0,44,5,0.00,0.0,,,,,,,,0.02,0.00,0.00,0.000,,0.0,0.00,0.00,0.00,0.000,,0.00,0,0
F002517,16404,"Cherry, black, canned in syrup, syrup only",288,288,79.8,0.5,0.0,0.0,0.0,16.0,16.0,17.1,,,,,6,,,,0.000,,1.1,1.20,,6,0.080,,,,9,120,0.0,3,,,0.00,0,0.000,0.000,0.00,,0.05,,0.0,0,0,0.00,0.0,,,,,,,,0.00,0.00,0.00,0.000,,0.0,0.00,0.00,0.00,0.000,,0.00,0,0
F006827,16404,"Plum, dark, canned in syrup, syrup only",354,354,75.5,0.3,0.0,0.0,0.0,21.2,21.2,21.3,,,,,3,,,,0.000,,0.0,0.20,,4,0.070,,,,7,97,0.0,2,,,0.10,0,0.000,0.000,0.00,,0.00,,0.0,0,0,0.00,0.0,,,,,,,,0.00,0.00,0.00,0.000,,0.0,0.00,0.00,0.00,0.000,,0.00,0,0
F006710,16505,"Pineapple, canned in pineapple juice, juice only",187,187,86.5,0.3,0.0,0.0,0.0,10.6,0.0,10.6,,,,,6,,,,,,0.0,0.30,,12,,,,,8,160,0.1,1,,,0.30,0,0.020,0.010,0.15,,0.10,,0.0,18,9,0.00,0.2,,,,,,,,0.20,0.00,0.00,0.000,,0.0,0.00,0.00,0.00,0.000,,0.00,0,0
F006713,16505,"Pineapple, canned in syrup, syrup only",370,370,75.6,0.3,0.0,0.0,0.0,22.0,22.0,22.0,,,,,5,,,,,,0.0,0.30,,9,,,,,0,90,0.0,1,,,0.20,0,0.040,0.020,0.20,,0.00,,0.0,0,9,0.00,0.0,,,,,,,,0.00,0.00,0.00,0.000,,0.0,0.00,0.00,0.00,0.000,,0.00,0,0
F004143,16702,"Fruit salad, canned in fruit juice, juice only",191,189,86.3,0.4,0.0,0.2,0.0,10.2,0.0,11.0,,,,,6,,,,,,0.0,0.30,,8,,,,,12,170,0.0,4,,,0.25,3,0.010,0.030,0.40,,0.00,,0.0,44,4,0.00,0.2,,,,,,,,0.19,0.00,0.00,0.000,,0.0,0.00,0.00,0.00,0.000,,0.00,0,0
F005634,19101,"Milk, cow, fluid, regular fat (3.5% fat)",271,271,88.0,3.3,3.4,0.0,0.0,5.4,0.0,5.4,0.4,0.0,0.0,0.0,106,0.7,100,,0.005,,22.9,0.02,0.0,10,0.002,0.0,2.9,0,87,142,1.2,35,28,0.0,0.33,44,0.022,0.183,0.81,0.35,0.02,3.8,0.4,5,0,0.10,0.1,,0.0,,0.0,,0.0,,0.09,71.24,2.50,0.032,,3.1,2.31,0.77,0.08,1.042,,100.55,0,10
F005599,19101,"Milk, cow, fluid, lactose free, regular fat (3.5% fat)",249,248,88.8,3.1,3.2,0.0,0.0,4.5,0.0,4.7,0.0,0.0,0.0,0.0,110,0.0,100,,0.004,,28.0,0.00,0.0,10,0.003,0.0,3.0,0,83,150,2.1,35,28,0.0,0.38,52,0.050,0.150,0.60,0.28,0.02,3.8,0.4,0,0,0.10,0.0,,0.0,,0.0,,0.0,,0.00,71.30,2.50,0.000,,0.2,2.16,0.68,0.08,0.000,,6.05,0,11
F005635,19102,"Milk, cow, fluid, regular fat (3.5% fat), added omega 3 polyunsaturates",253,253,89.2,3.1,3.2,0.0,0.0,5.1,0.0,5.1,56.0,,0.5,0.5,110,1.1,,,0.051,,24.0,0.44,0.5,10,0.057,0.5,4.0,,88,200,0.5,40,,,0.12,49,0.040,0.220,0.65,0.80,0.07,,0.6,14,0,0.10,0.1,,0.0,,0.0,,0.0,,0.09,68.90,4.05,0.400,,2.0,2.08,0.81,0.12,12.096,,61.39,0,5
F005614,19103,"Milk, cow, fluid, reduced fat (1% fat)",181,181,89.7,3.3,1.2,0.0,0.0,4.8,0.0,4.8,0.0,,0.0,0.0,115,0.1,,,0.005,,25.6,0.01,0.0,11,0.002,,2.7,0,92,156,0.7,36,31,,0.37,14,0.020,0.173,1.81,0.40,0.01,,0.2,5,0,0.10,0.0,,0.0,,0.0,,0.0,,0.02,74.15,2.36,0.000,,2.3,0.85,0.24,0.03,0.000,,26.08,0,5
F005598,19103,"Milk, cow, fluid, lactose free, reduced fat (1% fat)",184,183,89.8,3.4,1.2,0.1,0.0,4.8,0.0,5.0,0.0,,0.0,0.0,117,0.0,,,0.004,,28.0,0.00,0.0,10,0.003,,3.0,,83,150,2.1,41,,,0.38,21,0.050,0.150,0.66,0.28,0.02,,0.4,0,0,0.10,0.0,,0.0,,0.0,,0.0,,0.00,71.30,2.50,0.000,,0.2,0.81,0.26,0.03,0.000,,2.27,0,5
F005621,19104,"Milk, cow, fluid, reduced fat (1.5% fat), added omega 3 polyunsaturates",213,213,88.4,4.5,1.4,0.0,0.0,5.1,0.0,5.1,56.0,,0.5,0.5,110,1.1,,,0.051,,24.0,0.44,0.5,11,0.057,0.5,4.0,,94,200,0.5,40,,,0.12,11,0.040,0.220,1.02,0.80,0.04,,0.6,26,0,0.10,0.0,,0.0,,0.0,,0.0,,0.05,36.05,8.38,1.875,,1.1,0.48,0.73,0.11,24.806,,14.55,0,5
F005637,19105,"Milk, cow, fluid, skim (0.15% fat)",146,146,89.4,3.6,0.0,0.0,0.0,5.3,0.0,5.3,0.0,,0.0,0.0,115,0.2,,,0.004,,18.0,0.00,0.0,11,0.003,,3.0,0,96,160,1.4,38,,,0.40,0,0.020,0.170,0.89,0.30,0.02,,0.8,9,0,0.10,0.0,,0.0,,0.0,,0.0,,0.00,67.87,3.73,0.167,0.00,2.0,0.00,0.00,0.00,0.000,0,0.00,0,3
F005638,19105,"Milk, cow, fluid, skim (0.15% fat), added milk solids",173,173,87.6,4.2,0.0,0.0,0.0,6.3,0.0,6.3,,,,,135,,,,,,21.6,0.00,,13,,,,,114,193,1.6,46,,,0.46,0,0.024,0.201,1.02,,0.02,,0.8,9,0,0.11,0.0,,0.0,,0.0,,0.0,,0.00,,,,,,0.01,0.00,0.00,0.045,,0.30,0,3
F005581,19106,"Milk, cow, canned, evaporated, regular",588,588,72.0,7.5,8.2,0.0,0.0,10.0,0.0,10.0,,,,,256,,,,0.010,,53.0,0.15,,24,0.005,,,,248,340,6.0,104,,,0.80,82,0.065,0.505,1.75,1.00,0.00,,0.2,0,1,0.06,0.0,,0.0,,,,,,0.00,67.87,3.73,0.167,0.00,2.0,5.23,2.04,0.29,12.836,0,151.72,0,24
F005580,19106,"Milk, cow, canned, evaporated, reduced fat (approximately 2% fat)",380,380,77.9,7.8,2.1,0.0,0.0,10.6,0.0,10.6,,,,,266,,,,0.005,,53.0,0.30,,25,0.005,,,,244,348,6.0,104,,,0.90,17,0.075,0.555,1.76,1.00,0.00,,0.2,0,0,0.06,0.0,,0.0,,,,,,0.00,67.87,3.73,0.167,0.00,2.0,1.35,0.52,0.07,3.308,0,39.09,0,10
F005582,19106,"Milk, cow, canned, sweetened, condensed, regular","1,362","1,362",25.7,8.3,9.2,0.0,0.0,55.0,45.8,55.0,,,,,268,,,,0.010,,36.0,0.15,,25,0.005,,,,255,357,8.0,106,,,0.90,78,0.080,0.605,2.07,2.00,0.00,,0.4,0,1,0.06,0.2,,0.0,,,,,,0.20,69.40,2.50,0.075,,3.5,6.03,2.18,0.22,6.520,,304.29,0,31
F009694,19201,"Yoghurt, natural, regular fat (3% fat)",306,305,81.4,5.1,3.2,0.1,0.0,4.9,0.0,5.0,0.0,,0.0,0.0,175,0.0,,,0.006,,24.0,0.00,0.0,16,0.004,,5.4,,150,230,2.4,58,,,0.57,50,0.020,0.220,1.14,0.36,0.03,,0.5,25,0,0.00,0.0,,0.0,,0.0,,0.0,,0.00,71.90,2.70,0.000,,2.0,2.17,0.69,0.08,0.000,,60.48,0,15
F009811,19204,"Yoghurt, flavoured, high fat (approx 5%)",,,,,,,,,,,,,,,,,,,,,,,,,,,,,,,,,,,,,,,,,,,,,,,,,,,,,,,,,,,,,,,,,,,,
F009608,19205,"Yoghurt, apricot pieces or flavoured, regular fat (3% fat)",386,385,77.4,4.2,3.2,0.1,0.0,11.1,6.3,11.1,,,0.0,0.0,110,0.8,,,0.000,,16.7,0.18,0.0,14,0.010,0.0,5.5,0,110,220,1.5,65,,,0.51,37,0.090,0.220,0.86,,0.03,,0.4,7,0,0.00,0.0,,,,,,,,0.00,68.27,4.17,0.200,0.00,2.0,2.03,0.76,0.12,5.957,0,59.57,0,8
F009741,19205,"Yoghurt, strawberry pieces or flavoured, regular fat (3% fat)",405,404,77.3,4.9,3.1,0.1,0.0,11.6,7.0,11.6,,0.0,0.3,0.0,159,0.4,,,0.008,,19.6,0.12,0.0,15,0.035,0.0,5.5,0,125,213,1.2,60,,0.4,0.48,30,0.060,0.270,1.30,,0.03,,0.4,7,0,0.00,0.0,,,,,,,,0.00,68.27,4.17,0.200,0.00,2.0,2.00,0.75,0.12,5.862,0,58.62,0,10
F009749,19205,"Yoghurt, vanilla flavoured, (2% fat)",408,407,76.4,5.0,1.9,0.2,0.0,13.5,7.0,14.5,0.0,,0.0,0.0,170,0.0,,,0.007,,25.0,0.00,0.0,15,0.005,,4.2,,130,230,2.1,52,,,0.57,38,0.050,0.200,1.02,0.28,0.03,,0.4,7,0,0.00,0.0,,0.0,,0.0,,0.0,,0.00,71.20,3.30,0.100,,0.2,1.28,0.39,0.06,1.796,,3.59,0,8
F009752,19208,"Yoghurt, vanilla flavoured, low fat (less than 0.5% fat)",368,367,79.0,5.9,0.5,0.2,0.0,12.7,7.1,13.9,,,,,168,,,,0.010,,17.0,0.10,,17,0.010,,,,146,242,2.1,66,,,0.70,0,0.030,0.400,1.81,,0.03,,0.4,7,0,0.00,0.0,,,,,,,,0.00,71.20,3.35,0.150,,0.2,0.34,0.10,0.02,0.709,,0.94,0,6
F003270,19301,"Cream, thickened, regular fat (approximately 35%)","1,409","1,409",57.9,2.0,36.1,0.0,0.0,2.4,0.0,2.4,0.0,,,0.0,60,0.2,,,0.005,,11.3,0.00,,6,0.002,,10.4,1,58,84,0.0,27,19,,0.19,280,0.020,0.120,0.36,0.15,0.00,,0.2,64,0,0.00,1.1,,0.0,,0.0,,0.0,,1.10,68.25,3.99,0.217,0.00,5.5,23.28,8.70,1.36,73.915,0,"1,862.65",0,110
F003269,19303,"Cream, sour, regular fat","1,414","1,414",60.0,1.9,36.3,0.0,0.0,2.0,0.0,2.0,0.0,,,0.0,50,0.0,,,0.007,,15.0,0.00,,5,0.001,,10.0,,48,74,0.0,19,18,,0.18,343,0.000,0.110,0.25,0.12,0.00,,0.1,57,0,0.00,1.1,,0.0,,0.0,,0.0,,1.10,68.40,2.30,0.000,,4.0,23.46,8.68,0.79,0.000,,"1,372.14",0,91
F003267,19304,"Cream, sour, light (approximately 18% fat)",868,868,70.1,3.6,19.7,0.0,0.0,4.5,0.0,4.5,0.0,,,0.0,80,0.0,,,0.007,,15.0,0.00,,5,0.001,,10.0,,73,74,0.0,19,18,,0.18,192,0.000,0.110,0.47,0.12,0.00,,0.1,57,0,0.00,0.6,,0.0,,0.0,,0.0,,0.62,68.40,2.30,0.000,,4.0,12.73,4.71,0.43,0.000,,744.66,0,91
F003255,19305,"Cream, imitation (non-dairy)","1,108","1,108",58.8,1.0,21.8,0.0,0.0,16.3,16.2,17.7,,,,,17,,90,,0.000,0.00,0.0,0.00,,2,0.000,,,,20,24,6.0,57,,,0.14,0,0.000,0.000,0.00,0.00,0.00,,0.0,0,0,0.00,0.0,,,,,,,,0.00,94.20,0.40,0.000,,1.5,19.34,1.09,0.08,0.000,,308.03,0,0
F004508,19501,"Ice cream, vanilla flavour, regular fat",788,788,61.4,3.7,10.6,0.0,0.0,18.4,13.0,20.5,,,,,93,0.6,113,,0.000,,22.2,0.10,,12,0.003,,6.9,0,84,142,1.0,48,,,0.23,182,0.000,0.290,1.91,0.00,0.04,,0.0,10,0,0.00,0.0,,0.0,,,,,,0.00,71.50,2.80,0.000,,3.1,7.16,2.50,0.28,0.000,,310.53,0,35
F004507,19501,"Ice cream, vanilla flavour, premium or rich (~15% fat)",916,916,58.8,3.2,13.5,0.0,0.0,19.7,13.6,22.5,0.0,,0.0,,110,,,,0.006,,24.0,0.00,0.0,10,0.004,,5.4,,95,150,0.0,37,,,0.33,171,0.030,0.200,0.65,0.38,0.00,,0.4,17,0,0.00,0.3,,0.0,,0.0,,0.0,,0.30,70.10,2.60,0.100,,2.7,8.94,2.97,0.33,12.758,,344.45,0,46
F003442,19602,"Custard, vanilla, regular fat",392,392,77.8,3.3,3.0,0.0,0.0,11.6,4.0,13.9,,,,,120,,,,0.010,,13.0,0.05,,11,0.005,,,,120,165,1.0,61,,,0.39,8,0.050,0.210,0.64,,0.01,,0.2,2,0,0.08,0.0,,,,,,,,0.03,69.40,2.50,0.075,,3.5,1.96,0.71,0.07,2.119,,98.89,0,11
F003441,19602,"Custard, vanilla, prepared from dry mix",430,430,78.6,3.6,3.7,0.0,0.0,9.6,3.8,13.9,,,,,115,,,,,,23.7,0.06,,11,,,,,97,155,1.3,59,,,0.36,48,0.020,0.198,0.91,,0.02,,0.2,4,0,0.10,0.1,,,,,,,,0.10,,,,,,2.51,0.84,0.10,1.215,,109.16,0,11
F003488,19701,"Dairy or yoghurt dessert, chocolate, regular fat",533,522,72.8,5.1,3.7,1.4,0.0,15.7,10.9,17.7,,,,,120,,,,0.058,,13.0,0.53,,16,0.062,,,,120,230,1.2,59,,,0.48,8,0.000,0.220,1.05,,0.00,,0.0,0,0,0.00,0.1,,,,,,,,0.06,66.90,2.67,0.138,,3.5,2.34,0.96,0.09,4.808,,122.38,2,10
F005587,19803,"Milk, cow, fluid, flavoured, chocolate, reduced fat",264,264,85.2,3.3,1.9,0.0,0.0,8.6,4.1,8.6,0.0,,0.0,,112,,,,0.026,,21.5,0.22,0.0,14,0.038,,3.4,,95,169,1.6,46,,,0.39,23,0.010,0.175,0.88,0.29,0.00,,0.2,6,0,0.08,0.0,,0.0,,0.0,,0.0,,0.00,69.70,3.10,0.000,,2.7,1.25,0.41,0.06,0.000,,48.48,1,8
F008721,20101,"Soy beverage, regular fat (3% fat), unfortified",246,241,87.3,3.7,2.7,0.6,0.0,2.6,1.7,4.6,75.0,,0.4,0.4,13,0.5,82,,0.068,34.00,1.3,0.47,0.5,21,0.087,0.5,4.1,20,69,191,0.7,44,22,,0.15,7,0.020,0.030,0.72,0.00,0.03,2.2,0.0,14,0,0.00,1.1,,0.0,,0.0,,0.2,,1.12,17.40,60.00,0.000,,0.9,0.43,0.56,1.49,0.000,,22.36,0,0
F008719,20102,"Soy beverage, regular fat (3% fat), added Ca",246,241,87.3,3.7,2.7,0.6,0.0,2.6,1.7,4.6,75.0,,0.4,0.4,115,0.5,82,,0.068,34.00,1.3,0.47,0.5,21,0.087,0.5,4.1,20,69,191,0.7,44,22,,0.15,7,0.020,0.030,0.72,0.00,0.03,2.2,0.0,14,0,0.00,1.1,,0.0,,0.0,,0.2,,1.12,17.40,60.00,0.000,,0.9,0.43,0.56,1.49,0.000,,22.36,0,0
F008720,20102,"Soy beverage, regular fat (3% fat), added Ca & vitamins A, B1, B2 & B12",257,252,87.3,4.4,2.7,0.6,0.0,2.6,1.7,4.6,75.0,,0.4,0.4,115,0.5,82,,0.068,34.00,1.3,0.47,0.5,21,0.087,0.5,4.1,20,69,191,0.7,44,22,,0.15,80,0.040,0.410,0.85,0.00,0.00,2.2,0.9,14,0,0.00,1.1,,0.0,,0.0,,0.2,,1.12,17.40,60.00,0.000,,0.9,0.43,0.56,1.49,0.000,,22.36,0,0
F008704,20104,"Soy beverage, reduced fat (1% fat), added Ca & vitamins A, B1, B2 & B12",187,182,88.2,3.0,0.9,0.6,0.0,1.7,1.1,5.7,72.7,,0.5,0.5,115,0.6,82,,0.063,,1.3,0.46,0.5,13,0.082,0.5,4.1,20,71,189,0.7,45,,,0.14,80,0.040,0.410,0.59,0.00,0.03,,0.9,14,0,0.00,1.1,,0.0,,0.0,,0.2,,1.12,17.40,60.00,0.000,,0.9,0.14,0.18,0.50,0.000,,7.45,0,0
F009824,20106,"Almond beverage, no added sugar, unfortified",65,61,97.5,0.5,1.4,0.5,0.0,0.0,0.0,0.0,0.0,,0.0,0.0,7,0.0,,,0.025,,1.1,0.00,0.0,6,0.028,,0.0,,14,19,0.0,40,,,0.08,0,0.000,0.020,0.09,0.00,0.00,,0.0,0,0,0.00,0.5,,0.0,,0.0,,0.0,,0.50,9.30,23.60,0.000,,1.6,0.12,0.87,0.32,0.000,,21.41,0,0
F009826,20106,"Almond beverage, no added sugar, added Ca",65,61,97.5,0.5,1.4,0.5,0.0,0.0,0.0,0.0,0.0,,0.0,0.0,66,0.0,,,0.021,,1.1,0.00,0.0,8,0.042,,0.0,,16,19,0.0,43,,,0.06,0,0.000,0.020,0.09,0.00,0.00,,0.0,0,0,0.00,0.5,,0.0,,0.0,,0.0,,0.50,9.30,23.60,0.000,,1.6,0.12,0.87,0.32,0.000,,21.41,0,0
F009825,20106,"Almond beverage, added sugar, unfortified",115,110,94.5,0.5,1.4,0.6,0.0,2.2,2.2,3.0,0.0,,0.0,0.0,3,0.0,,,0.038,,1.1,0.00,0.0,5,0.027,,1.5,,11,31,0.0,53,,,0.05,0,0.000,0.020,0.09,0.00,0.00,,0.0,0,0,0.00,0.5,,0.0,,0.0,,0.0,,0.50,8.90,29.30,0.000,,1.6,0.12,0.80,0.39,0.000,,21.41,0,0
F009827,20106,"Almond beverage, added sugar & Ca",115,110,94.5,0.5,1.4,0.6,0.0,2.2,2.2,3.0,0.0,,0.0,0.0,68,0.0,,,0.022,,1.1,0.00,0.0,4,0.039,,0.7,,40,16,0.0,43,,,0.04,0,0.000,0.020,0.09,0.00,0.00,,0.0,0,0,0.00,0.5,,0.0,,0.0,,0.0,,0.50,8.90,29.30,0.000,,1.6,0.12,0.80,0.39,0.000,,21.41,0,0
F009828,20106,"Almond beverage, added sugar & vitamins B1, B2 & B12 & Ca",115,110,94.5,0.5,1.4,0.6,0.0,2.2,2.2,3.0,0.0,,0.0,0.0,120,0.0,,,0.026,,1.1,0.00,0.0,8,0.067,,0.0,,74,19,0.0,33,,,0.07,0,0.040,0.280,0.09,0.00,0.00,,0.4,0,0,0.00,0.5,,0.0,,0.0,,0.0,,0.50,8.90,29.30,0.000,,1.6,0.12,0.80,0.39,0.000,,21.41,0,0
F006132,20106,"Oat beverage, fluid, unfortified",224,222,86.6,1.3,0.8,0.3,0.0,3.1,0.0,10.2,0.0,,0.0,0.0,18,0.0,,,0.042,,1.2,0.00,0.0,6,0.170,,9.9,,26,47,0.0,38,,,0.08,0,0.070,0.000,0.26,0.00,0.00,,0.0,0,0,0.00,0.0,,0.0,,0.0,,0.0,,0.00,21.50,30.60,0.000,,0.0,0.16,0.35,0.23,0.000,,0.00,0,0
F006131,20106,"Oat beverage, fluid, added calcium",224,222,86.6,1.3,0.8,0.3,0.0,3.1,0.0,10.2,0.0,,0.0,0.0,110,0.0,,,0.042,,1.2,0.00,0.0,6,0.170,,9.9,,83,47,0.0,38,,,0.08,0,0.070,0.000,0.26,0.00,0.00,,0.0,0,0,0.00,0.0,,0.0,,0.0,,0.0,,0.00,21.50,30.60,0.000,,0.0,0.16,0.35,0.23,0.000,,0.00,0,0
F007632,20106,"Rice beverage, fluid, added calcium",255,255,87.3,0.3,1.0,0.0,0.0,3.7,0.0,12.7,65.0,,1.9,0.0,70,,,,0.010,,5.1,0.20,,10,0.087,,,,18,22,0.0,62,,,0.07,0,0.020,0.000,0.11,0.00,0.00,,0.0,0,0,0.00,0.3,,0.0,,0.0,,0.0,,0.30,17.30,32.80,0.000,,2.2,0.16,0.47,0.31,0.000,,21.51,0,0
F009738,20501,"Yoghurt, soy based, berry flavoured, regular fat (3% fat)",416,414,79.6,3.6,3.7,0.2,0.0,8.4,7.4,12.6,110.0,,,0.0,120,2.3,,,0.082,,2.3,0.59,,7,0.087,,5.0,,130,55,0.0,55,26,,0.15,0,0.000,0.000,0.84,0.00,0.00,,0.0,75,0,0.00,0.0,,0.0,,0.2,,0.5,,0.05,14.30,41.00,0.000,,0.0,0.49,1.52,1.40,0.000,,0.00,0,0
F009739,20502,"Yoghurt, soy based, vanilla flavoured, reduced fat (1% fat)",309,307,80.7,3.6,0.8,0.2,0.0,8.4,7.8,12.6,110.0,,,0.0,120,2.3,,,0.082,,2.3,0.59,,7,0.087,,5.0,,130,55,0.0,55,26,,0.15,0,0.000,0.000,0.84,0.00,0.00,,0.0,75,0,0.00,0.0,,0.0,,0.2,,0.5,,0.05,14.30,41.00,0.000,,0.0,0.10,0.33,0.30,0.000,,0.00,0,0
F008513,21301,"Soup, chicken & noodle, cup of soup, prepared from instant dry mix with water",79,76,94.6,0.7,0.2,0.3,0.0,0.4,0.1,3.4,,,,,5,,630,,0.000,2.00,5.7,0.10,,4,0.050,,,,7,11,0.0,440,7,,0.00,0,0.050,0.000,0.12,0.00,0.01,0.5,0.0,1,0,0.00,0.0,,,,,,,,0.02,41.90,16.40,0.000,,1.9,0.07,0.07,0.03,0.000,,3.07,0,1
F009076,22102,"Tahini, sesame seed pulp","2,717","2,609",0.2,20.4,60.7,13.5,0.0,0.7,0.0,1.0,,0.0,3.0,3.1,330,,70,,1.594,110.00,0.0,5.10,1.7,320,1.100,0.0,,,730,190,20.6,79,200,0.3,5.53,1,0.950,0.250,12.81,0.15,0.20,14.0,0.0,99,0,0.00,0.0,,,,,,"2,110.0",,211.00,13.00,48.30,0.000,,2.2,7.54,22.46,28.03,0.000,,"1,305.66",0,0
F009794,22203,"Water, coconut, commercial",54,54,95.2,0.2,0.0,0.0,0.0,3.2,0.0,3.2,0.0,,0.0,,12,,,,0.006,,0.0,0.00,0.0,9,0.270,,0.0,,9,200,0.0,36,,,0.02,0,0.000,0.000,0.00,0.00,0.00,,0.0,0,10,0.00,0.0,,0.0,,0.0,,0.0,,0.00,0.00,0.00,0.000,,0.0,0.00,0.00,0.00,0.000,,0.00,0,0
F002984,22203,"Coconut, fresh, mature, water or juice",87,87,93.5,0.5,0.1,0.0,0.0,4.7,0.0,4.7,,,,,17,,,,0.010,,0.0,0.60,,11,1.030,,,,59,200,1.0,17,,,0.16,0,0.020,0.010,0.16,,0.03,,0.0,3,0,0.00,0.0,,,,,,,,0.00,93.70,0.90,0.000,,0.0,0.09,0.00,0.00,0.000,,0.00,0,0
F002986,22203,"Coconut, fresh, young or immature, water or juice",109,109,95.2,0.2,0.0,0.0,0.0,6.6,0.0,6.6,,,,,12,,,,0.220,,0.0,0.40,,11,1.020,,,,9,186,1.0,5,,,0.09,0,0.010,0.020,0.11,,0.03,,0.0,3,0,0.00,0.0,,,,,,,,0.00,93.70,0.90,0.000,,0.0,0.00,0.00,0.00,0.000,,0.00,0,0
F002982,22203,"Coconut, cream, regular fat",908,908,71.1,1.6,23.2,0.0,0.0,1.4,0.0,1.4,0.0,,0.0,0.0,2,0.0,250,,0.150,10.00,1.7,0.51,0.0,20,0.370,,1.9,,32,130,0.0,16,,,0.26,0,0.000,0.000,0.19,0.00,0.00,2.2,0.0,0,0,0.00,0.7,,,,,,,,0.70,86.10,2.30,0.000,,0.0,18.82,2.36,0.50,0.000,,0.00,0,0
F002991,22203,"Coconut, milk, canned, regular fat",620,620,77.6,1.4,15.4,0.0,0.0,1.7,0.0,1.7,0.0,,0.0,0.0,3,1.5,,,0.180,,2.0,0.66,0.0,26,0.460,,2.0,,40,160,0.0,26,,,0.31,1,0.000,0.000,0.22,0.00,0.00,,0.0,0,0,0.00,0.2,,,,,,,,0.20,86.10,2.30,0.000,,0.0,12.49,1.57,0.33,0.000,,0.00,0,0
F002990,22203,"Coconut, milk, canned, reduced fat",288,287,89.7,0.6,7.1,0.0,0.0,0.9,0.0,0.9,,,,,5,,,,0.200,,4.1,0.20,,6,0.730,,,,11,61,2.1,15,,,0.22,1,0.000,0.000,0.19,,0.03,,0.0,0,0,0.00,0.8,,,,,,,,0.80,95.60,0.70,0.000,,0.0,6.39,0.25,0.05,0.000,,0.00,0,0
F004265,23101,"Gravy, prepared from dry powder with water",109,109,92.2,0.7,0.5,0.0,0.0,0.0,0.0,4.5,,,,,4,,910,,0.058,86.66,0.9,0.10,,3,0.431,,,,14,11,0.7,502,16,,0.06,0,0.020,0.000,0.28,,0.01,,0.0,1,0,0.00,0.0,,,,,,,,0.01,,,,,,0.24,0.14,0.10,0.000,,5.78,0,0
F005973,23103,"Mustard, cream style",348,315,75.4,5.8,3.1,4.1,0.0,3.6,2.9,6.2,,,,,83,,"2,360",,0.220,47.00,0.0,2.00,,55,0.500,,,,140,160,50.0,"1,420",160,,0.80,15,0.200,0.030,2.48,,0.00,,0.0,8,0,0.00,10.6,,,,,,,,10.60,4.90,25.50,0.000,,0.0,0.14,2.06,0.76,0.000,,0.00,0,0
F007987,23103,"Sauce, barbecue, commercial",725,718,55.6,0.8,0.1,0.9,0.0,38.4,34.5,42.2,110.0,,0.0,0.0,12,3.5,"1,050",,0.062,14.00,2.2,0.40,0.0,9,0.095,,2.3,,12,130,0.5,710,15,,0.03,7,0.015,0.000,0.05,0.00,0.00,,0.0,0,0,0.00,0.3,,0.0,,0.0,,0.0,,0.34,0.00,0.00,0.000,,0.0,0.00,0.00,0.00,0.000,,0.00,0,0
F008000,23103,"Sauce, cranberry, commercial",649,640,58.4,0.0,0.0,1.1,0.0,40.0,37.2,40.0,,,,,3,,,,,,0.0,0.41,,2,,,,,4,50,0.4,50,,,0.03,0,0.015,0.021,0.10,,0.01,,0.0,1,1,0.00,0.9,,,,,,,,0.93,0.00,0.00,0.000,,0.0,0.00,0.00,0.00,0.000,,0.00,0,0
F008004,23103,"Sauce, fish, commercial",213,203,65.4,6.8,0.3,1.2,0.0,4.4,4.4,4.4,,,,,30,,,,0.326,,33.0,1.55,,118,0.054,,,,12,215,21.0,"8,255",,,0.74,7,0.000,0.100,3.16,,0.40,,0.0,51,0,0.00,0.0,,,,,,,,0.00,37.50,50.00,37.500,,3.2,0.08,0.05,0.10,78.750,,6.78,0,0
F008008,23103,"Sauce, hoi sin (hoisin), commercial",922,839,40.8,1.6,5.4,10.4,0.0,33.5,32.3,37.2,,,,,41,,,,0.250,,1.6,4.70,,14,0.030,,,,34,51,0.0,"1,550",,,0.60,5,0.010,0.250,1.10,,0.06,,0.0,23,1,0.00,0.0,,,,,,,,0.00,16.00,59.90,0.000,,0.0,0.82,1.24,3.09,0.000,,0.00,0,0
F008026,23103,"Sauce, oyster, commercial",471,468,63.5,2.8,1.0,0.3,0.0,15.6,15.5,21.0,,,,,40,,,,0.360,,3.0,3.90,,24,0.040,,,,7,210,4.4,"3,790",,,0.90,40,0.020,0.050,1.14,,0.02,,0.0,15,0,0.00,0.0,,,,,,,,0.00,23.63,36.26,1.098,,0.0,0.16,0.28,0.25,7.686,,0.00,0,0
F008029,23103,"Sauce, pasta, basil pesto, commercial","1,598","1,586",46.1,5.3,37.1,1.5,0.0,2.1,0.8,7.4,,,,,147,,,,0.000,,6.0,1.41,,32,0.430,,,,20,232,5.5,"1,251",,,1.09,51,0.080,0.130,4.26,,0.25,,0.4,34,0,0.00,5.4,,,,,,,,5.38,19.55,17.76,0.017,,0.1,6.93,21.73,6.30,6.029,,35.82,0,8
F008054,23103,"Sauce, plum, commercial",958,953,39.9,0.1,0.8,0.6,0.0,48.2,45.2,56.5,,,,,15,,,,0.700,,0.0,2.50,,24,0.020,,,,5,32,0.4,950,,,0.90,6,0.000,0.050,0.00,,0.08,,0.0,6,2,0.00,0.0,,,,,,,,0.00,55.30,26.00,0.000,,0.0,0.41,0.14,0.19,0.000,,0.00,0,0
F008065,23103,"Sauce, soy, commercial",209,209,71.5,6.8,0.0,0.0,1.4,2.2,1.3,3.2,155.8,,0.5,0.5,21,7.4,"10,100",,0.005,0.00,5.4,1.30,0.8,50,0.753,,35.4,,142,299,2.7,"5,600",58,,0.51,0,0.160,0.110,0.17,0.20,0.00,3.2,0.0,34,0,0.00,0.0,,0.0,,0.0,,0.0,,0.00,0.00,0.00,0.000,,0.0,0.00,0.00,0.00,0.000,,0.00,0,0
F008067,23103,"Sauce, soy, commercial, reduced salt",162,162,80.1,5.4,0.0,0.0,0.9,1.7,0.9,2.7,,,,,17,,"10,100",,0.000,0.00,1.5,2.20,,32,0.340,,,,89,180,5.0,"3,598",58,,0.30,0,0.000,0.240,1.55,0.11,0.09,3.2,0.0,44,0,0.00,0.0,,,,,,,,0.00,0.00,0.00,0.000,,0.0,0.00,0.00,0.00,0.000,,0.00,0,0
F008077,23103,"Sauce, tabasco, commercial",57,52,95.2,1.3,0.8,0.6,0.0,0.1,0.0,0.1,,,,,12,,,,0.075,,0.7,1.16,,12,0.107,,,,23,128,0.5,633,,,0.16,164,0.032,0.084,0.47,0.11,0.15,,0.0,1,4,0.00,0.0,,,,,,,,0.01,20.27,70.64,0.000,,0.0,0.12,0.01,0.43,0.000,,0.00,0,0
F008094,23103,"Sauce, Worcestershire, commercial",311,311,73.3,1.3,0.2,0.0,0.0,16.9,15.6,17.6,,,,,160,,"2,040",,0.140,1.00,1.0,3.70,,83,0.680,,,,23,890,4.0,"1,060",150,,0.40,1,0.000,0.130,0.64,0.58,0.61,26.0,0.1,2,0,0.00,0.1,,,,,,,,0.12,23.30,34.00,9.100,,0.0,0.04,0.08,0.06,16.744,,0.00,0,0
F008050,23104,"Sauce, pasta, tomato-based, commercial, heated",226,211,84.7,1.6,1.5,1.8,0.0,6.2,3.6,7.5,230.0,,0.0,1.7,27,12.0,700,,0.105,19.00,0.9,0.74,0.0,15,0.278,0.0,4.5,,33,337,0.8,375,22,4.9,0.19,51,0.042,0.047,0.86,0.02,0.13,5.0,0.0,61,1,0.00,1.8,,0.0,,0.0,,0.0,,1.80,13.90,20.30,0.000,,0.0,0.17,0.76,0.24,0.000,,0.00,0,0
F008056,23104,"Sauce, salsa, tomato-based, commercial",146,133,89.5,1.3,0.0,1.6,0.0,4.9,0.0,6.3,,,,,36,,850,,0.100,0.00,1.0,0.61,,15,0.100,,,,26,270,0.0,480,,,0.17,30,0.050,0.000,0.80,0.00,0.09,1.8,0.0,36,8,0.00,1.0,,,,,,,,1.00,0.00,0.00,0.000,,0.0,0.00,0.00,0.00,0.000,,0.00,0,0
F008083,23104,"Sauce, tomato, commercial",437,426,69.7,1.3,0.0,1.3,0.0,23.7,21.5,24.1,470.0,,0.0,1.4,13,2.9,"1,400",,0.070,9.00,4.6,0.65,0.0,14,0.116,0.0,3.7,58,27,292,0.0,870,16,0.0,0.15,40,0.030,0.000,0.10,0.00,0.00,4.5,0.0,16,0,0.00,1.0,,0.0,,0.0,,0.0,,1.00,0.00,0.00,0.000,,0.0,0.00,0.00,0.00,0.000,,0.00,0,0
F008085,23104,"Sauce, tomato, commercial, reduced salt",437,426,70.2,1.3,0.0,1.3,0.0,23.7,21.5,24.1,470.0,,0.0,1.2,12,3.1,,,0.065,,3.1,0.62,0.0,14,0.110,,3.0,,27,270,0.0,529,,,0.14,40,0.030,0.000,0.10,0.00,0.00,,0.0,16,0,0.00,1.0,,0.0,,0.0,,0.0,,1.00,0.00,0.00,0.000,,0.0,0.00,0.00,0.00,0.000,,0.00,0,0
F007992,23107,"Sauce, butter chicken, commercial",412,396,79.3,1.3,7.6,1.9,0.0,3.6,0.8,5.8,,,,,21,,,,0.000,,3.0,0.78,,18,0.000,,,,13,144,1.4,462,,,0.25,19,0.030,0.090,1.54,,0.01,,0.0,28,0,0.00,2.0,,,,,,,,1.97,43.41,13.72,0.000,,1.1,3.13,2.95,0.99,0.000,,82.31,0,18
F008028,23107,"Sauce, pasta or simmer, commercial, low fat",240,230,85.5,0.8,2.9,1.3,0.0,3.5,2.1,6.6,,,,,9,,,,0.000,,0.0,0.81,,10,0.000,,,,20,89,1.0,281,,,0.20,4,0.530,0.050,1.13,,1.55,,0.0,33,0,0.00,1.6,,,,,,,,1.65,11.00,42.65,0.000,,2.2,0.30,1.23,1.18,0.000,,62.38,0,0
F008036,23107,"Sauce, pasta, cheese or cream-based, commercial",363,362,82.6,1.4,6.8,0.1,0.0,2.7,1.3,5.3,0.0,,0.0,,32,,,,0.003,,6.2,0.00,0.0,5,0.008,,2.3,,21,94,0.0,482,,,0.12,7,0.285,0.070,0.28,0.06,0.00,,0.1,14,0,0.02,0.6,,0.0,,0.0,,0.8,,0.68,42.60,15.70,0.000,,0.7,2.77,2.48,1.02,0.000,,45.50,0,13
F008055,23107,"Sauce, rogan josh, commercial",295,280,78.5,1.5,4.1,1.9,0.0,3.1,1.8,6.2,,,,,28,,,,0.000,,5.1,1.10,,20,0.120,,,,19,329,0.0,508,,,0.28,10,0.060,0.110,1.07,,0.08,,0.0,30,0,0.00,0.9,,,,,,,,0.90,48.40,20.20,0.000,,0.6,1.90,1.22,0.79,0.000,,25.20,0,4
F008062,23107,"Sauce, simmer for chicken, commercial",383,370,81.6,0.8,7.5,1.7,0.0,3.3,0.2,4.8,,,,,9,,,,0.000,,2.0,0.62,,14,0.000,,,,15,54,0.9,212,,,0.18,0,2.800,0.070,1.37,,0.30,,0.0,30,0,0.00,0.8,,,,,,,,0.80,12.96,54.98,0.000,,0.1,0.93,2.18,3.94,0.000,,10.04,0,0
F008063,23107,"Sauce, simmer, curry flavoured, commercial",494,476,77.3,2.1,6.9,2.3,0.0,7.1,0.0,10.7,,,,,31,,830,,0.120,0.00,4.0,1.10,,21,0.380,,,,42,180,0.0,510,,,0.28,32,0.940,0.050,1.24,0.00,0.08,3.5,0.0,29,0,0.00,0.9,,,,,,,,0.90,48.92,13.88,0.000,,0.9,3.12,2.20,0.89,0.000,,56.95,0,4
F008090,23108,"Sauce, white, savoury, homemade",748,746,71.4,3.9,13.5,0.2,0.0,5.1,0.0,10.8,4.6,,0.2,0.0,99,1.4,,,0.020,,21.3,0.12,0.0,12,0.107,,5.0,,92,145,2.2,130,,,0.37,105,0.032,0.172,1.16,0.34,0.02,,0.3,5,0,0.22,0.3,,,,,,,,0.30,,,,,,9.21,2.76,0.32,1.083,,339.40,0,30
F003612,23301,"Dressing, thousand island, regular fat, commercial","1,494","1,483",44.3,1.0,31.8,1.4,0.0,14.7,13.9,16.6,,,,,12,,"1,420",,0.000,36.00,5.0,0.30,,6,0.050,,,,30,130,1.0,878,16,,0.00,17,0.000,0.000,0.38,0.12,0.06,3.4,0.0,0,0,0.00,18.0,,,,,,,,18.00,11.10,63.30,0.000,,0.2,3.37,7.72,19.24,0.000,,60.80,0,27
F005441,23301,"Mayonnaise, traditional (greater than 65% fat), commercial","2,651","2,647",21.5,0.8,67.2,0.5,0.0,7.9,7.9,8.7,0.0,,0.0,0.0,8,2.5,"1,330",,0.005,38.00,17.3,0.00,0.0,2,0.008,,1.1,,15,14,1.8,480,21,,0.08,5,0.000,0.020,0.15,0.03,0.00,2.0,0.0,0,0,0.30,16.1,,0.1,,0.5,,13.0,,17.45,12.88,50.55,0.000,,0.6,8.28,23.04,32.47,0.000,,411.16,0,24
F005437,23302,"Mayonnaise, low fat, commercial",514,514,68.3,0.5,1.8,0.0,0.0,20.5,20.5,27.1,,,,,8,,,,,,0.0,0.30,,2,,,,,23,16,2.0,678,,,0.00,0,0.000,0.490,0.13,,0.00,,0.0,0,0,0.00,0.4,,,,,,,,0.37,13.80,40.00,0.000,,0.6,0.23,0.76,0.67,0.000,,10.04,0,24
F003592,23303,"Dressing, French or Italian, regular fat, commercial",948,948,61.5,0.1,19.6,0.0,0.0,11.4,11.4,11.7,,,,,0,,"2,630",,0.000,40.00,0.0,0.00,,0,0.000,,,,0,0,0.0,970,12,,0.00,0,0.000,0.070,0.02,0.00,0.00,0.0,0.1,0,0,0.00,7.8,,,,,,,,7.80,10.76,59.41,0.000,,0.2,2.02,5.39,11.13,0.000,,37.48,0,0
F009498,23305,Vinegar (except balsamic vinegar),65,65,95.5,0.0,0.0,0.0,0.0,0.0,0.0,0.0,,,,,1,,20,,0.000,24.00,0.2,0.00,,1,0.000,,,,5,6,0.0,5,1,,0.00,0,0.000,0.000,0.00,,0.00,,0.0,0,0,0.00,0.0,,,,,,,,0.00,0.00,0.00,0.000,,0.0,0.00,0.00,0.00,0.000,,0.00,0,0
F003539,23503,"Dip, hummus, commercial","1,039","1,007",54.1,6.9,19.5,3.9,0.0,0.8,0.0,9.4,250.0,,0.0,,49,,,,0.300,,1.6,1.60,0.0,65,0.670,,39.0,,160,260,4.5,410,,,1.20,0,0.160,0.030,1.16,0.19,0.06,,0.0,91,0,0.00,3.3,,0.0,,0.0,,11.0,,4.40,9.80,36.90,0.000,,0.4,1.83,9.32,6.88,0.000,,74.57,0,0
F004219,27102,"Glucose, liquid or syrup","1,268","1,268",20.4,0.0,0.0,0.0,0.0,33.0,33.0,87.5,,,,,8,,190,,0.090,,0.0,0.50,,2,0.000,,,,11,3,0.0,150,,,0.00,0,0.000,0.000,0.00,0.00,0.00,0.0,0.0,0,0,0.00,0.0,,,,,,,,0.00,0.00,0.00,0.000,,0.0,0.00,0.00,0.00,0.000,,0.00,0,0
F009049,27102,"Syrup, golden","1,203","1,203",17.0,0.2,0.0,0.0,0.0,74.9,74.9,74.9,,,,,230,,,,0.080,,0.0,3.30,,37,0.060,,,,0,610,0.8,130,,,0.00,0,0.000,0.000,0.40,,0.19,,0.0,0,0,0.00,0.0,,,,,,,,0.00,0.00,0.00,0.000,,0.0,0.00,0.00,0.00,0.000,,0.00,0,0
F009052,27102,"Syrup, maple, pure","1,082","1,082",32.4,0.0,0.1,0.0,0.0,60.4,60.4,67.0,,,,,102,,,,,,0.0,0.11,,21,,,,,2,212,0.6,12,,,1.47,0,0.066,1.270,0.08,,0.00,,0.0,0,0,0.00,0.0,,,,,,,,0.00,20.00,48.57,0.000,,0.0,0.01,0.02,0.02,0.000,,0.00,0,0
F004380,27102,Honey,"1,162","1,162",15.3,0.3,0.0,0.0,0.0,72.3,0.0,72.3,63.0,,0.0,,8,,,,0.013,,0.0,0.12,1.5,2,0.370,,0.0,,4,66,0.0,8,,,0.17,0,0.000,0.000,0.04,,0.02,,0.0,0,0,0.00,0.0,,0.0,,0.0,,0.0,,0.00,0.00,0.00,0.000,,0.0,0.00,0.00,0.00,0.000,,0.00,0,0
F000996,29101,"Beer, high alcohol (5% v/v & above)",174,174,91.9,0.5,0.0,0.0,4.5,0.2,0.0,2.1,1.6,0.0,0.0,0.0,4,0.2,39,,0.003,60.00,0.0,0.01,0.0,9,0.224,0.0,0.2,1,23,55,0.0,4,8,0.0,0.00,0,0.000,0.040,0.06,0.00,0.03,1.0,0.0,0,0,0.00,0.0,,0.0,,0.0,,0.0,,0.00,0.00,0.00,0.000,,0.0,0.00,0.00,0.00,0.000,,0.00,0,0
F000994,29101,"Beer, full strength (alcohol 4-4.9% v/v)",152,152,93.0,0.4,0.0,0.0,3.6,0.0,0.0,2.3,1.9,0.0,0.0,0.0,4,0.2,25,,0.002,50.00,0.0,0.00,0.0,6,0.034,0.0,0.0,1,16,36,0.0,4,11,0.0,0.00,0,0.000,0.030,0.04,0.00,0.03,0.9,0.0,0,0,0.00,0.0,,0.0,,0.0,,0.0,,0.00,0.00,0.00,0.000,,0.0,0.00,0.00,0.00,0.000,,0.00,0,0
F000995,29101,"Beer, full strength (alcohol 4-4.9% v/v), carbohydrate modified",126,126,94.6,0.3,0.0,0.0,3.6,0.0,0.0,1.0,1.2,,0.0,0.0,3,0.0,19,,0.001,70.00,0.0,0.01,0.0,5,0.008,,0.0,1,15,28,0.0,4,7,,0.00,0,0.000,0.000,0.03,0.00,0.03,0.9,0.0,0,0,0.00,0.0,,0.0,,0.0,,0.0,,0.00,0.00,0.00,0.000,,0.0,0.00,0.00,0.00,0.000,,0.00,0,0
F001006,29102,"Beer, mid-strength (alcohol 3-3.9% v/v)",128,128,94.1,0.3,0.0,0.0,3.0,0.0,0.0,2.2,2.1,,0.0,0.0,4,0.0,28,,0.002,82.00,0.0,0.00,0.0,5,0.008,,0.0,1,12,30,0.0,3,7,,0.00,0,0.000,0.000,0.03,0.00,0.03,0.9,0.0,0,0,0.00,0.0,,0.0,,0.0,,0.0,,0.00,0.00,0.00,0.000,,0.0,0.00,0.00,0.00,0.000,,0.00,0,0
F001004,29102,"Beer, light (alcohol 1-2.9% v/v)",100,100,94.5,0.2,0.0,0.0,2.1,0.0,0.0,2.2,0.0,,0.0,0.0,3,0.0,28,,0.001,82.00,0.0,0.00,0.0,5,0.006,,0.0,1,12,27,0.0,3,7,,0.00,0,0.000,0.000,0.02,0.00,0.03,0.9,0.0,0,0,0.00,0.0,,0.0,,0.0,,0.0,,0.00,0.00,0.00,0.000,,0.0,0.00,0.00,0.00,0.000,,0.00,0,0
F009572,29201,"Wine, red, cabernet sauvignon",332,332,86.1,0.3,0.0,0.0,11.0,0.2,0.0,0.2,21.1,,0.0,0.0,7,1.0,24,,0.024,19.00,1.7,0.15,0.0,13,0.114,,0.0,,35,117,0.0,4,14,,0.07,0,0.000,0.000,0.00,0.00,0.00,,0.0,0,0,0.00,0.0,,0.0,,0.0,,0.0,,0.00,0.00,0.00,0.000,,0.0,0.00,0.00,0.00,0.000,,0.00,0,0
F009574,29201,"Wine, red, merlot",330,330,86.3,0.3,0.0,0.0,10.9,0.4,0.0,0.4,20.9,,0.0,0.0,7,0.6,24,,0.022,19.00,1.5,0.17,0.0,12,0.111,,0.0,,26,91,0.0,5,14,,0.07,0,0.000,0.000,0.00,0.00,0.00,,0.0,0,0,0.00,0.0,,0.0,,0.0,,0.0,,0.00,0.00,0.00,0.000,,0.0,0.00,0.00,0.00,0.000,,0.00,0,0
F009575,29201,"Wine, red, pinot noir",321,321,86.9,0.2,0.0,0.0,10.7,0.2,0.0,0.2,22.6,,0.0,0.0,7,0.8,24,,0.015,19.00,0.0,0.17,0.0,16,0.158,,0.0,,32,91,0.0,2,14,,0.10,0,0.000,0.000,0.00,0.00,0.00,,0.0,0,0,0.00,0.0,,0.0,,0.0,,0.0,,0.00,0.00,0.00,0.000,,0.0,0.00,0.00,0.00,0.000,,0.00,0,0
F009577,29201,"Wine, red, shiraz",342,342,85.5,0.2,0.0,0.0,11.5,0.2,0.0,0.2,16.9,,0.0,0.0,6,1.0,24,,0.016,19.00,2.2,0.18,0.0,15,0.123,,0.0,,32,115,0.0,7,14,,0.09,0,0.000,0.000,0.00,0.00,0.00,,0.0,0,0,0.00,0.0,,0.0,,0.0,,0.0,,0.00,0.00,0.00,0.000,,0.0,0.00,0.00,0.00,0.000,,0.00,0,0
F009571,29201,"Wine, red",335,335,85.9,0.2,0.0,0.0,11.2,0.2,0.0,0.2,19.1,,0.0,0.0,7,1.0,24,,0.019,19.00,1.8,0.17,0.0,14,0.122,,0.0,,32,111,0.0,5,14,,0.08,0,0.000,0.000,0.00,0.00,0.00,,0.0,0,0,0.00,0.0,,0.0,,0.0,,0.0,,0.00,,,,,,0.00,0.00,0.00,0.000,,0.00,0,0
F009573,29201,"Wine, red, cooked",120,120,93.2,0.3,0.0,0.0,3.9,0.2,0.0,0.2,,,,,8,,,,,,1.5,0.00,,15,,,,,34,113,0.0,5,,,0.09,0,0.000,0.000,0.00,,0.00,,0.0,0,0,0.00,0.0,,,,,,,,0.00,0.00,0.00,0.000,,0.0,0.00,0.00,0.00,0.000,,0.00,0,0
F009578,29201,"Wine, red, sparkling",338,338,85.5,0.2,0.0,0.0,10.3,2.0,0.0,2.0,15.8,,0.0,0.0,6,1.0,24,,0.016,19.00,2.2,0.18,0.0,15,0.126,,0.0,,33,117,0.0,7,14,,0.09,0,0.000,0.000,0.00,0.00,0.00,,0.0,0,0,0.00,0.0,,0.0,,0.0,,0.0,,0.00,0.00,0.00,0.000,,0.0,0.00,0.00,0.00,0.000,,0.00,0,0
F009579,29201,"Wine, rose",289,289,88.2,0.2,0.0,0.0,9.4,0.7,0.0,0.7,38.2,,0.0,0.0,8,0.2,21,,0.021,20.00,2.0,0.08,0.0,11,0.114,,0.0,,27,51,0.0,5,20,,0.06,0,0.000,0.000,0.00,0.00,0.00,,0.0,0,0,0.00,0.0,,0.0,,0.0,,0.0,,0.00,0.00,0.00,0.000,,0.0,0.00,0.00,0.00,0.000,,0.00,0,0
F009583,29202,"Wine, white, sauvignon blanc",296,296,88.3,0.2,0.0,0.0,9.9,0.1,0.0,0.1,65.2,,0.0,0.0,8,0.0,19,,0.014,20.00,0.0,0.09,0.8,8,0.064,,0.0,,18,56,0.0,2,16,,0.06,0,0.000,0.000,0.01,0.00,0.00,,0.0,0,0,0.00,0.0,,0.0,,0.0,,0.0,,0.00,0.00,0.00,0.000,,0.0,0.00,0.00,0.00,0.000,,0.00,0,0
F009584,29202,"Wine, white, semillon",270,270,89.2,0.2,0.0,0.0,9.0,0.2,0.0,0.2,43.6,,0.2,0.0,9,1.3,19,,0.020,20.00,0.0,0.21,0.9,8,0.085,,0.2,,25,57,0.0,6,16,,0.08,0,0.000,0.000,0.01,0.00,0.00,,0.0,0,6,0.00,0.0,,0.0,,0.0,,0.0,,0.00,0.00,0.00,0.000,,0.0,0.00,0.00,0.00,0.000,,0.00,0,0
F009582,29202,"Wine, white, chardonnay",310,310,87.7,0.3,0.0,0.0,10.3,0.3,0.0,0.3,55.6,,0.0,0.0,7,0.4,19,,0.014,20.00,0.0,0.17,0.7,11,0.106,,0.0,,25,52,0.0,4,16,,0.10,0,0.000,0.000,0.01,0.00,0.00,,0.0,0,0,0.00,0.0,,0.0,,0.0,,0.0,,0.00,0.00,0.00,0.000,,0.0,0.00,0.00,0.00,0.000,,0.00,0,0
F009586,29202,"Wine, white, riesling",292,292,88.5,0.2,0.0,0.0,9.6,0.4,0.0,0.4,41.5,,0.0,0.3,10,0.8,,,0.029,18.00,1.5,0.10,0.7,20,0.074,,0.0,,22,44,0.0,7,16,,0.08,0,0.000,0.000,0.01,0.00,0.00,,0.0,0,0,0.00,0.0,,0.0,,0.0,,0.0,,0.00,0.00,0.00,0.000,,0.0,0.00,0.00,0.00,0.000,,0.00,0,0
F009581,29202,"Wine, white",301,301,88.1,0.3,0.0,0.0,10.0,0.2,0.0,0.2,55.0,,0.0,0.0,8,0.5,,,0.016,19.90,0.1,0.16,0.7,10,0.093,,0.0,,23,53,0.0,4,16,,0.08,0,0.000,0.000,0.01,0.00,0.00,,0.0,0,1,0.00,0.0,,0.0,,0.0,,0.0,,0.00,,,,,,0.00,0.00,0.00,0.000,,0.00,0,0
F009580,29202,"Wine, white, cooked",107,107,94.6,0.2,0.0,0.0,3.4,0.3,0.0,0.3,,,,,9,,,,,,0.4,0.15,,12,,,,,25,56,0.0,5,,,0.08,0,0.000,0.000,0.02,,0.06,,0.0,0,2,0.00,0.0,,,,,,,,0.00,0.00,0.00,0.000,,0.0,0.00,0.00,0.00,0.000,,0.00,0,0
F009590,29202,"Wine, white, sparkling",306,306,88.3,0.2,0.0,0.0,9.8,1.0,0.0,1.0,43.2,,0.1,0.0,7,0.6,14,,0.015,18.00,0.0,0.19,0.1,9,0.093,,0.0,,20,35,0.0,2,13,,0.06,0,0.000,0.000,0.01,0.00,0.00,,0.0,0,0,0.00,0.0,,0.0,,0.0,,0.0,,0.00,0.00,0.00,0.000,,0.0,0.00,0.00,0.00,0.000,,0.00,0,0
F009592,29202,"Wine, white, sweet dessert style",497,497,71.2,0.4,0.0,0.0,8.4,14.7,0.0,14.7,144.6,,1.5,0.0,15,2.0,,,0.009,,1.8,0.19,1.9,19,0.184,,1.3,,48,101,0.0,13,,,0.09,0,0.000,0.000,0.02,0.00,0.00,,0.0,0,0,0.00,0.0,,0.0,,0.0,,0.0,,0.00,0.00,0.00,0.000,,0.0,0.00,0.00,0.00,0.000,,0.00,0,0
F009566,29203,"Wine, fortified, port",600,600,70.9,0.2,0.0,0.0,13.6,12.4,0.0,12.4,,,,,5,,22,,0.010,27.00,0.0,0.19,,10,0.080,,,,18,82,0.0,15,31,,0.06,0,0.000,0.000,0.00,,0.08,,0.0,0,0,0.00,0.0,,,,,,,,0.00,0.00,0.00,0.000,,0.0,0.00,0.00,0.00,0.000,,0.00,0,0
F009567,29203,"Wine, fortified, sherry, dry style (approximately 1% sugars)",435,435,83.0,0.1,0.0,0.0,14.2,1.2,0.0,1.2,,,,,5,,15,,0.000,14.00,0.0,0.06,,6,0.070,,,,12,39,0.0,19,15,,0.06,0,0.000,0.000,0.00,,0.05,,0.0,0,0,0.00,0.0,,,,,,,,0.00,0.00,0.00,0.000,,0.0,0.00,0.00,0.00,0.000,,0.00,0,0
F009568,29203,"Wine, fortified, sherry, sweet style (approximately 11% sugars)",577,577,73.0,0.2,0.0,0.0,13.6,11.1,0.0,11.1,,,,,4,,15,,0.010,15.00,0.0,0.10,,6,0.060,,,,13,53,0.0,18,16,,0.06,0,0.000,0.000,0.00,,0.05,,0.0,0,0,0.00,0.0,,,,,,,,0.00,0.00,0.00,0.000,,0.0,0.00,0.00,0.00,0.000,,0.00,0,0
F000051,29301,"Alcoholic beverage, spirit, approximately 40% v/v, all (Brandy, Gin, Rum, Vodka and Whisky)",892,892,66.9,0.0,0.0,0.0,30.7,0.1,0.0,0.1,,,,,1,,0,,0.006,45.00,0.0,0.05,,0,0.000,,,,0,1,0.0,3,0,,0.02,0,0.000,0.000,0.00,,0.00,,0.0,0,0,0.00,0.0,,,,,,,,0.00,0.00,0.00,0.000,,0.0,0.00,0.00,0.00,0.000,,0.00,0,0
F000050,29301,"Alcoholic beverage, spirit, approximately 30% v/v, all (Brandy, Gin, Rum, Vodka and Whisky), cooked",302,302,86.4,0.0,0.0,0.0,10.3,0.3,0.0,0.3,,,,,1,,1,,0.010,64.00,0.0,0.06,,1,0.000,,,,0,1,0.0,2,2,,0.06,0,0.000,0.000,0.00,,0.00,,0.0,0,0,0.00,0.0,,,,,,,,0.00,0.00,0.00,0.000,,0.0,0.00,0.00,0.00,0.000,,0.00,0,0
F002955,29401,"Cider, apple (alcohol approximately 4-5% v/v)",209,209,89.2,0.0,0.0,0.0,3.9,5.6,0.0,5.6,26.2,,0.0,0.0,3,0.3,0,,0.006,0.07,0.0,0.02,0.1,2,0.013,,0.0,,12,56,0.0,3,,,0.01,0,0.000,0.000,0.00,0.00,0.02,,0.0,0,2,0.00,0.0,,0.0,,0.0,,0.0,,0.00,0.00,0.00,0.000,,0.0,0.00,0.00,0.00,0.000,,0.00,0,0
F009795,29505,"Kombucha, flavoured, added juice or intense sweeteners",28,27,98.0,0.0,0.0,0.1,0.3,0.8,0.0,0.9,0.0,,0.0,,0,,,,0.002,,0.0,0.00,0.0,0,0.029,,0.0,,0,2,0.0,0,,,0.00,0,0.000,0.000,0.00,0.00,0.00,,0.0,0,0,0.00,0.0,,0.0,,0.0,,0.0,,0.00,0.00,0.00,0.000,,0.0,0.00,0.00,0.00,0.000,,0.00,2,0
F009818,30104,"Protein powder, whey based, protein >70%, unfortified, prepared with water",261,259,84.1,14.2,0.4,0.3,0.0,0.2,0.0,0.3,7.6,,0.1,,71,,,,0.038,,40.6,0.09,0.5,14,0.257,,7.2,,40,80,11.2,36,,,0.04,1,0.017,0.028,1.72,,0.02,,0.8,20,0,0.10,0.0,,0.0,,0.0,,0.0,,0.00,,,,,,0.20,0.08,0.06,0.000,,5.26,0,10
F009351,31401,"Vanilla, artificial or imitation",231,231,85.6,0.0,0.0,0.0,0.0,14.4,0.0,14.4,,,,,3,,,,,,0.2,0.05,,1,,,,,0,0,0.0,3,,,0.01,0,0.003,0.029,0.13,,0.01,,0.0,0,0,0.00,0.0,,,,,,,,0.00,0.00,0.00,0.000,,0.0,0.00,0.00,0.00,0.000,,0.00,0,0
F005647,32102,"Milk, human/breast, mature, fluid",286,286,87.5,1.3,4.2,0.0,0.0,6.8,0.0,6.8,,,,,32,,,,,,3.0,0.03,,3,,,,,14,51,1.8,17,,,0.17,61,0.014,0.036,0.54,,0.01,,0.0,5,5,0.10,0.1,,,,,,,,0.08,47.89,11.55,0.440,,2.5,1.90,1.38,0.46,17.464,,99.22,0,14
F009811,19204,"Yoghurt, flavoured, high fat (approx 5%)",483,478,74.2,4.4,4.9,0.6,0.0,12.5,7.1,12.9,0.0,,0.0,,150,,,,0.009,,26.0,0.00,0.0,13,0.025,,4.8,,140,190,1.1,47,,,0.44,73,0.030,0.190,0.97,0.31,0.05,,0.2,60,0,0.00,0.2,,0.0,,0.0,,0.0,,0.20,71.80,2.70,0.000,,2.8,3.32,1.00,0.12,0.000,,129.65,0,20
F009810,19207,"Yoghurt, flavoured, low fat (approx 2%)",341,339,77.5,4.6,1.3,0.3,0.0,11.3,5.9,12.2,0.0,,0.0,,160,,,,0.008,,27.0,0.00,0.0,14,0.013,,4.2,,120,210,1.9,60,,,0.44,22,0.030,0.200,0.88,0.39,0.04,,0.2,59,0,0.00,0.0,,0.0,,0.0,,0.0,,0.00,72.50,2.70,0.000,,2.5,0.89,0.26,0.03,0.000,,30.71,0,9
F009809,19209,"Yoghurt, flavoured, low fat (0.2%), intense sweetened, increased protein",227,224,84.4,9.6,0.3,0.4,0.0,1.6,0.0,2.3,0.0,,0.0,,110,,,,0.013,,23.0,0.00,0.0,10,0.017,,3.5,,130,140,3.0,35,,,0.44,0,0.020,0.200,2.04,0.27,0.04,,0.3,70,0,0.00,0.0,,0.0,,0.0,,0.0,,0.00,72.50,2.70,0.000,,2.5,0.20,0.06,0.01,0.000,,7.09,0,5
F009797,20,"Yoghurt, almond based, flavoured",384,369,81.3,2.6,4.5,1.8,0.0,5.5,5.2,9.2,0.0,,0.0,,34,,,,0.092,,1.3,0.39,0.0,30,0.290,,1.8,,52,82,0.0,5,,,0.28,0,0.020,0.080,0.34,0.00,0.03,,0.0,0,0,0.00,2.1,,0.0,,0.0,,0.0,,2.10,9.60,23.00,0.000,,0.0,0.41,2.77,0.98,0.000,,0.00,0,0
F009798,20,"Yoghurt, coconut based, flavoured",519,509,77.8,1.1,9.0,1.3,0.0,4.7,4.2,9.2,0.0,,0.0,,3,,,,0.120,,1.6,0.27,0.0,16,0.230,,2.6,,24,140,1.1,18,,,0.15,1,0.000,0.000,0.11,0.00,0.00,,0.0,0,0,0.00,0.0,,0.0,,0.0,,0.0,,0.00,93.80,1.10,0.000,,0.0,8.07,0.41,0.09,0.000,,0.00,0,0
